CVE-2010-5331;0Litost0_linux_kernel_2.6_ver_1;c83efad97b90134cb7db6fd76145b6151502d44f;c83efad97b90134cb7db6fd76145b6151502d44f;2016-10-12:23:03:17;2016-10-12:23:03:17
CVE-2010-5331;0Litost0_test_1;4ce4402851dece658921ec92ba8b97a7b5843017;4ce4402851dece658921ec92ba8b97a7b5843017;2017-04-24:01:36:41;2017-04-24:01:36:41
CVE-2010-5331;1206697066_kernel2.6.34;0c7130989a17cb66027111e4484ce67527b005b4;0c7130989a17cb66027111e4484ce67527b005b4;2014-11-25:05:46:51;2014-11-25:05:46:51
CVE-2010-5331;Baumanar_process-code2vec;929b5debc65a82f3b976e840b200b8031585730d;929b5debc65a82f3b976e840b200b8031585730d;2020-02-18:10:36:53;2020-02-18:10:36:53
CVE-2010-5331;CML_amlogic_m1_kernel;b293055f3faca8d99bc34a65ba6a56c36441e635;b293055f3faca8d99bc34a65ba6a56c36441e635;2012-08-01:19:23:48;2012-08-01:19:23:48
CVE-2010-5331;ClisbyS_CS411-repo;d9bafcea12c3c43be5119232644c6d34da6f4bae;d9bafcea12c3c43be5119232644c6d34da6f4bae;2010-10-14:19:39:43;2010-10-14:19:39:43
CVE-2010-5331;adhoc-dtn_wireless_driver;f60c1c78355781c862e6ac3a8267b65d3d2c2e77;f60c1c78355781c862e6ac3a8267b65d3d2c2e77;2014-02-17:07:22:04;2014-02-17:07:22:04
CVE-2010-5331;ajtomato_linux-2.6.34;e72953a326e23e90da2ce36c914101d3d651dc7e;e72953a326e23e90da2ce36c914101d3d651dc7e;2014-08-07:23:28:39;2014-08-07:23:28:39
CVE-2010-5331;allenchou_linux-2.6;4cc51c2725f32e2a9aa45c8271a7b462d21b8650;4cc51c2725f32e2a9aa45c8271a7b462d21b8650;2019-06-05:01:28:13;2019-06-05:01:28:13
CVE-2010-5331;array92_zt280-kernel;48e40e34cf98ce3d46164378d77ab702ad76654c;48e40e34cf98ce3d46164378d77ab702ad76654c;2012-09-25:12:43:08;2012-09-25:12:43:08
CVE-2010-5331;astalsi_Meson-3-Kernel;3e13bfe70bc795e7872947a111cfbaf60e3f1fbd;3e13bfe70bc795e7872947a111cfbaf60e3f1fbd;2012-04-23:15:24:04;2012-04-23:15:24:04
CVE-2010-5331;bitbucket.org_abioy_linux;684777d7c790882da01db24a532c40eb99dca3ce;684777d7c790882da01db24a532c40eb99dca3ce;2012-02-16:09:17:25;2012-02-16:09:17:25
CVE-2010-5331;bitbucket.org_bonuzzz_buildroot-linux-kernel-m3;188ebee955167ac89739c496c0fcab4691c937ee;188ebee955167ac89739c496c0fcab4691c937ee;2014-02-02:16:01:52;2014-02-02:16:01:52
CVE-2010-5331;botioni_amlogic-m3;88e5c3a6db0f5554fcc8dc92165be4b4bc25d4d8;88e5c3a6db0f5554fcc8dc92165be4b4bc25d4d8;2010-06-01:22:31:10;2010-06-01:22:31:10
CVE-2010-5331;c0ffee_linux-2.6.34-ts471x;2551b13dd02c3d2ae3e23411700e15603f15f9a6;2551b13dd02c3d2ae3e23411700e15603f15f9a6;2013-02-11:13:53:06;2013-02-11:13:53:06
CVE-2010-5331;calelin_linux-2.6.34.7;61fd5c3f3c5e3fc6d9e16ac33e9f23df02bbbab2;61fd5c3f3c5e3fc6d9e16ac33e9f23df02bbbab2;2015-06-15:19:23:14;2015-06-15:19:23:14
CVE-2010-5331;cbart_zso-lab-2012;e57e79d75b7d28a950c62ef31337c7f313899829;e57e79d75b7d28a950c62ef31337c7f313899829;2012-05-17:15:58:21;2012-05-17:15:58:21
CVE-2010-5331;chengyi818_linux_kernel_all;fe40eb1d8366d3a88f393121115bfedd44799fbe;0d8d85092dfc2acc1131678cab6e40033adabbe0;2019-01-14:07:34:43;2017-02-17:04:50:42
CVE-2012-4395;nextcloud_server;0074062b5329c3d43679909fddce2d70608a4475;16f3bd4e2334491152510598f861a1f6c1ecdae2;2012-06-15:10:16:00;2010-03-10:07:03:40
